City_ID,City,Lat,Lng,Max Temp,Humidity,Cloudiness,Wind Speed,Country,Date
0,iqaluit,63.7506,-68.5145,-6.28,79,100,5.81,CA,1681960445
1,jamestown,42.097,-79.2353,5.77,75,75,0.0,US,1681960446
2,grytviken,-54.2811,-36.5092,3.24,92,99,2.7,GS,1681960446
3,manokwari,-0.8667,134.0833,27.91,76,100,1.33,ID,1681960447
4,afaahiti,-17.75,-149.2833,27.93,84,98,6.51,PF,1681960447
5,pimentel,-6.8367,-79.9342,25.16,73,0,3.09,PE,1681960447
6,junin,-34.5838,-60.9433,8.27,82,0,1.46,AR,1681960207
7,waitangi,-43.9535,-176.5597,17.12,90,97,3.58,NZ,1681960448
8,yellowknife,62.456,-114.3525,-0.82,81,8,2.75,CA,1681960370
9,aripuana,-9.1667,-60.6333,22.54,98,29,0.65,BR,1681960449
10,port-aux-francais,-49.35,70.2167,4.98,68,12,15.55,TF,1681960449
11,bredasdorp,-34.5322,20.0403,16.92,51,100,2.58,ZA,1681960450
12,beira,-19.8436,34.8389,20.26,93,12,2.59,MZ,1681960450
13,chonchi,-42.6128,-73.8092,13.56,97,82,1.36,CL,1681960450
14,kourou,5.1552,-52.6478,24.03,92,98,2.83,GF,1681960451
15,betio village,1.358,172.9211,31.02,76,50,5.7,KI,1681960451
16,maharaganj,27.1333,83.5667,35.7,15,45,4.86,IN,1681960452
17,arraial do cabo,-22.9661,-42.0278,23.64,82,100,4.19,BR,1681960453
18,kaya,13.0917,-1.0844,29.92,11,78,0.78,BF,1681960453
19,hermanus,-34.4187,19.2345,16.56,75,100,6.67,ZA,1681960453
20,sitka,57.0531,-135.33,10.94,43,40,7.72,US,1681960453
21,naze,28.3667,129.4833,19.25,96,100,6.97,JP,1681960454
22,bilibino,68.0546,166.4372,0.04,89,100,1.33,RU,1681960455
23,krutaya gorka,55.3649,73.2231,1.49,39,39,2.73,RU,1681960455
24,lagunas,-5.2269,-75.6753,24.0,93,100,0.21,PE,1681960456
25,akonolinga,3.7667,12.25,20.39,99,91,0.82,CM,1681960457
26,adamstown,-25.066,-130.1015,24.26,77,100,1.22,PN,1681960457
27,kidal,18.4411,1.4078,27.99,8,78,4.7,ML,1681960457
28,invercargill,-46.4,168.35,16.88,62,87,0.91,NZ,1681960235
29,avarua,-21.2078,-159.775,25.03,100,75,7.2,CK,1681960458
30,nuuk,64.1835,-51.7216,-1.66,93,100,3.6,GL,1681960458
31,isafjordur,66.0755,-23.124,7.47,88,52,5.73,IS,1681960293
32,tongren,27.7172,109.1853,26.15,67,90,1.69,CN,1681960459
33,barranca,-10.75,-77.7667,23.35,82,35,3.96,PE,1681960459
34,utrik,11.2278,169.8474,26.85,78,99,8.11,MH,1681960460
35,bethel,41.3712,-73.414,8.13,70,0,0.0,US,1681960460
36,talnakh,69.4865,88.3972,-13.77,93,98,3.49,RU,1681960460
37,magistral'nyy,56.1725,107.4458,-4.67,53,100,2.13,RU,1681960461
38,ushuaia,-54.8,-68.3,0.59,94,55,2.42,AR,1681960461
39,edinburgh of the seven seas,-37.0676,-12.3116,17.95,92,100,13.35,SH,1681960461
40,kerikeri,-35.2268,173.9474,22.17,89,100,1.79,NZ,1681960244
41,sisimiut,66.9395,-53.6735,-8.41,81,89,3.7,GL,1681960462
42,port mathurin,-19.6833,63.4167,25.91,76,14,9.34,MU,1681960462
43,sohbatpur,28.5202,68.5434,28.44,10,0,6.35,PK,1681960463
44,tiksi,71.6872,128.8694,-18.29,96,100,2.68,RU,1681960228
45,ponnamaravati,10.3,78.55,29.89,61,6,2.82,IN,1681960463
46,oban,56.4127,-5.4706,2.99,74,2,3.13,GB,1681960463
47,udachny,66.4167,112.4,-4.75,48,100,3.41,RU,1681960182
48,rio grande,-32.035,-52.0986,13.73,81,13,6.54,BR,1681960464
49,torghay,49.6339,63.4981,6.44,78,23,4.11,KZ,1681960465
50,uturoa,-16.7333,-151.4333,28.25,78,100,6.11,PF,1681960366
51,fale old settlement,-9.3852,-171.2468,28.41,69,56,2.31,TK,1681960465
52,hasaki,35.7333,140.8333,24.05,77,49,2.71,JP,1681960466
53,dean funes,-30.4204,-64.3498,14.21,61,1,3.33,AR,1681960466
54,carbonear,47.7332,-53.2148,2.3,94,100,4.6,CA,1681960467
55,murzuq,25.9155,13.9184,18.91,17,64,5.06,LY,1681960467
56,west island,-12.1568,96.8225,27.99,78,100,7.2,CC,1681960467
57,damghan,36.1683,54.348,16.89,28,5,0.5,IR,1681960468
58,blackmans bay,-43.0167,147.3167,17.07,75,100,2.57,AU,1681960468
59,ribeira grande,38.5167,-28.7,11.54,69,99,3.13,PT,1681960262
60,santa teresa,10.2341,-66.6631,25.79,94,86,0.72,VE,1681960468
61,luderitz,-26.6481,15.1594,14.97,80,83,3.08,NA,1681960469
62,cascais,38.6979,-9.4215,14.96,80,2,7.15,PT,1681960469
63,lebu,-37.6167,-73.65,12.58,95,94,6.25,CL,1681960470
64,as suwayrah,32.9256,44.7758,23.84,21,14,1.26,IQ,1681960470
65,kosh-agach,50.0,88.6667,-10.19,64,100,1.47,RU,1681960470
66,albany,42.6001,-73.9662,2.51,78,90,2.59,US,1681960471
67,mont-dore,-22.2833,166.5833,28.99,99,64,1.8,NC,1681960471
68,college,64.8569,-147.8028,5.18,49,40,3.6,US,1681960472
69,saudarkrokur,65.7461,-19.6394,7.48,77,79,6.12,IS,1681960472
70,kalifornsky,60.4183,-151.29,9.19,31,0,4.63,US,1681960473
71,port elizabeth,-33.918,25.5701,18.51,91,40,2.57,ZA,1681960473
72,happy valley-goose bay,53.3168,-60.3315,2.57,84,100,3.38,CA,1681960286
73,badger,64.8,-147.5333,5.14,42,40,3.6,US,1681960474
74,tchintabaraden,15.8969,5.7985,26.91,8,77,4.67,NE,1681960475
75,tadine,-21.55,167.8833,26.91,74,44,1.95,NC,1681960475
76,christchurch,-43.5333,172.6333,18.01,75,100,3.6,NZ,1681960031
77,aral,40.5156,81.2636,11.71,41,100,3.49,CN,1681960476
78,bamiantong,44.9333,130.5333,12.14,25,82,12.43,CN,1681960476
79,castillos,-34.1667,-53.8333,14.29,66,94,4.98,UY,1681960476
80,eraan,9.0629,117.7016,32.05,61,41,1.82,PH,1681960477
81,geraldton,-28.7667,114.6,26.23,27,1,8.75,AU,1681960477
82,lihue,21.9789,-159.3672,25.58,69,100,2.06,US,1681960477
83,rio preto da eva,-2.6994,-59.6997,23.43,94,97,0.78,BR,1681960478
84,kone,-21.0595,164.8658,28.57,62,10,2.41,NC,1681960478
85,buta,2.7858,24.73,20.75,98,65,0.33,CD,1681960478
86,prado,-17.3411,-39.2208,26.3,92,70,4.41,BR,1681960479
87,tura,25.5198,90.2201,30.23,58,2,4.09,IN,1681960479
88,kasongo,-4.45,26.6667,19.76,98,75,0.17,CD,1681960479
89,georgetown,5.4112,100.3354,25.96,94,40,1.03,MY,1681960259
90,saint-joseph,-21.3667,55.6167,24.21,82,28,5.31,RE,1681960480
91,szprotawa,51.5656,15.5366,3.4,96,87,1.75,PL,1681960480
92,jayapura,-2.5333,140.7,28.66,86,100,1.29,ID,1681960480
93,wailua homesteads,22.0669,-159.378,25.24,74,100,2.24,US,1681960310
94,malindi,-3.2175,40.1191,25.44,88,59,5.03,KE,1681960321
95,weno,7.4515,151.8468,30.97,74,100,4.63,FM,1681960310
96,dano,11.15,-3.0667,30.3,45,100,2.58,BF,1681960481
97,zeya,53.75,127.2667,1.11,56,100,5.28,RU,1681960420
98,saldanha,-33.0117,17.9442,16.83,88,100,8.84,ZA,1681960481
99,tamanrasset,22.785,5.5228,18.95,14,0,2.57,DZ,1681960481
100,vernon,50.2581,-119.2691,8.39,34,99,1.11,CA,1681960481
101,mar del plata,-38.0023,-57.5575,9.97,83,0,1.79,AR,1681960482
102,constantia,44.1833,28.65,10.39,92,100,6.94,RO,1681960477
103,farafangana,-22.8167,47.8333,21.99,92,44,2.07,MG,1681960482
104,fort st. john,56.2499,-120.8529,3.49,69,100,3.65,CA,1681960482
105,antonio enes,-16.2325,39.9086,23.14,86,62,3.53,MZ,1681960482
106,nemuro,43.3236,145.575,6.44,80,98,5.6,JP,1681960483
107,howrah,22.5892,88.3103,32.0,84,20,0.0,IN,1681960483
108,lata,40.1629,-8.3327,12.18,92,57,0.51,PT,1681960483
109,nema,57.5067,50.5011,4.38,85,1,1.62,RU,1681960483
110,margate,51.3813,1.3862,8.83,64,1,2.24,GB,1681960484
111,namibe,-15.1961,12.1522,25.01,75,98,1.21,AO,1681960484
112,tutoia,-2.7619,-42.2744,24.76,89,99,0.33,BR,1681960277
113,santana,-0.0583,-51.1817,23.75,94,96,1.56,BR,1681960484
114,sake,-1.5736,29.045,17.26,95,92,1.33,CD,1681960484
115,rongelap,11.1635,166.8941,26.61,80,99,8.98,MH,1681960485
116,ust-nera,64.5667,143.2,-3.93,82,100,3.98,RU,1681960485
117,san pedro pochutla,15.7333,-96.4667,27.62,77,93,3.03,MX,1681960485
118,itacare,-14.2775,-38.9967,26.02,94,24,3.58,BR,1681960485
119,dunedin,-45.8742,170.5036,14.58,74,90,1.96,NZ,1681960335
120,pervomayskoye,43.919,46.7102,9.11,75,63,4.98,RU,1681960485
121,puerto ayora,-0.7393,-90.3518,23.08,100,100,2.06,EC,1681960413
122,nar'yan-mar,67.6713,53.087,0.26,98,100,5.5,RU,1681960486
123,sawakin,19.1059,37.3321,24.62,69,0,2.74,SD,1681960486
124,cidreira,-30.1811,-50.2056,14.65,68,21,7.2,BR,1681960279
125,boyolangu,-8.1181,111.8935,29.42,70,45,3.28,ID,1681960486
126,hilton head island,32.2163,-80.7526,19.99,75,0,2.06,US,1681960441
127,tofol,5.3248,163.0078,28.03,78,65,5.55,FM,1681960487
128,stanley,54.868,-1.6985,5.43,94,0,1.54,GB,1681960487
129,keflavik,64.0049,-22.5624,7.24,100,75,8.75,IS,1681960487
130,magadan,59.5667,150.8,4.74,77,88,4.44,RU,1681960487
131,pangody,65.85,74.4859,-9.29,93,76,1.57,RU,1681960487
132,darwin,-12.4611,130.8418,30.99,58,75,5.66,AU,1681960387
133,longyearbyen,78.2186,15.6401,-12.09,72,20,1.54,SJ,1681960220
134,athens,37.9795,23.7162,14.25,79,20,2.06,GR,1681960419
135,nova sintra,14.8667,-24.7167,20.41,76,100,5.74,CV,1681960488
136,kodiak,57.79,-152.4072,6.73,57,0,2.57,US,1681960370
137,suva,-18.1416,178.4415,30.71,70,75,3.6,FJ,1681960489
138,port alfred,-33.5906,26.891,26.77,32,69,6.29,ZA,1681960489
139,laojunmiao,39.8333,97.7333,1.92,25,100,4.37,CN,1681960489
140,bardai,11.65,7.2333,25.12,60,100,3.91,NG,1681960489
141,katsuren-haebaru,26.3369,127.8719,25.22,91,100,5.14,JP,1681960489
142,newman,37.3138,-121.0208,14.99,59,5,3.14,US,1681960490
143,padang,-0.9492,100.3543,29.03,67,100,0.91,ID,1681960490
144,santa maria da vitoria,-13.3947,-44.1886,22.71,85,71,1.48,BR,1681960490
145,kingston,17.997,-76.7936,24.02,95,1,0.88,JM,1681960393
146,east london,-33.0153,27.9116,28.6,25,81,5.67,ZA,1681960368
147,hirara,24.8,125.2833,24.75,87,100,11.18,JP,1681960490
148,male,4.1748,73.5089,28.5,66,96,0.53,MV,1681960491
149,dudinka,69.4058,86.1778,-13.54,90,93,2.87,RU,1681960491
150,thompson,55.7435,-97.8558,-3.12,92,100,4.17,CA,1681960201
151,zhelezinka,53.54,75.3072,1.07,41,17,2.96,KZ,1681960491
152,lappeenranta,61.0587,28.1887,5.03,67,0,2.06,FI,1681960491
153,muroto-misakicho,33.2833,134.15,18.66,75,99,1.0,JP,1681960491
154,nyurba,63.2842,118.3319,-1.53,85,46,4.15,RU,1681960492
155,salinopolis,-0.6136,-47.3561,25.41,88,100,1.97,BR,1681960492
156,punta arenas,-53.15,-70.9167,6.06,70,0,6.69,CL,1681960488
157,mawu,29.5923,107.3139,23.7,67,100,1.55,CN,1681960492
158,la ronge,55.1001,-105.2842,-2.05,87,100,4.68,CA,1681960492
159,qaqortoq,60.7167,-46.0333,-0.23,91,73,1.23,GL,1681960212
160,iskateley,67.6803,53.1512,0.18,99,100,5.43,RU,1681960493
161,puerto natales,-51.7236,-72.4875,7.72,72,51,8.29,CL,1681960493
162,papatowai,-46.5619,169.4708,16.46,65,69,2.03,NZ,1681960494
163,haiku-pauwela,20.9219,-156.3051,25.02,79,75,5.66,US,1681960494
164,enewetak,11.3474,162.3373,25.23,91,100,9.81,MH,1681960494
165,egilsstadir,65.2653,-14.3948,6.98,75,31,3.06,IS,1681960495
166,adjumani,3.3779,31.7909,19.51,96,99,1.07,UG,1681960495
167,potiskum,11.7091,11.0694,26.53,47,37,4.4,NG,1681960495
168,monticello,45.3055,-93.7941,4.02,93,75,8.75,US,1681960496
169,qaryat suluq,31.6682,20.2521,14.5,49,1,3.83,LY,1681960496
170,port lincoln,-34.7333,135.8667,17.34,59,94,3.76,AU,1681960496
171,kaohsiung,22.6163,120.3133,29.05,83,75,3.09,TW,1681960496
172,labrador city,52.9463,-66.9114,0.95,100,100,1.54,CA,1681960281
173,ati,13.2154,18.3353,29.78,18,2,2.66,TD,1681960497
174,pisco,-13.7,-76.2167,21.68,88,0,5.66,PE,1681960497
175,abhar,36.1468,49.218,13.88,43,18,1.72,IR,1681960497
176,selfoss,63.9331,-20.9971,6.31,93,5,2.2,IS,1681960497
177,portland,45.5234,-122.6762,8.02,80,78,0.89,US,1681959867
178,sao vicente,-23.9631,-46.3919,23.48,26,15,0.89,BR,1681960498
179,rumbek,6.802,29.6912,24.82,73,100,1.4,SS,1681960492
180,ocos,14.5094,-92.1933,29.1,66,69,2.14,GT,1681960498
181,lazaro cardenas,17.9583,-102.2,24.93,80,19,2.54,MX,1681960498
182,chibougamau,49.9168,-74.3659,-5.21,80,100,5.14,CA,1681960498
183,ebon,4.582,168.6964,28.38,77,100,4.86,MH,1681960499
184,las palmas,28.4204,-14.0131,16.44,68,0,3.09,ES,1681960499
185,manismata,-2.4667,111.0333,32.89,54,19,1.21,ID,1681960499
186,byalynichy,53.9983,29.7126,5.9,77,15,4.74,BY,1681960499
187,banda aceh,5.5577,95.3222,28.59,73,100,2.7,ID,1681960499
188,shimoda,34.6667,138.95,22.84,77,100,1.58,JP,1681960499
189,kismayo,-0.3582,42.5454,27.0,83,91,3.79,SO,1681960500
190,tual,-5.6667,132.75,28.33,72,31,3.73,ID,1681960500
191,puerto leguizamo,-0.1934,-74.7819,23.19,95,100,1.2,CO,1681960500
192,okhotsk,59.3833,143.3,0.15,73,89,2.48,RU,1681960501
193,santa rosa del sur,7.9644,-74.0544,22.44,88,100,1.29,CO,1681960501
194,sinabang,2.4803,96.3801,28.11,75,100,0.94,ID,1681960501
195,klyuchi,52.2667,79.1667,-2.43,66,8,3.17,RU,1681960273
196,wyoming,43.0002,-107.5009,-1.25,62,100,5.55,US,1681960502
197,piacabucu,-10.4056,-36.4344,26.56,82,6,5.11,BR,1681960503
198,margaret river,-33.95,115.0667,20.75,43,0,4.35,AU,1681960263
199,paita,-5.0892,-81.1144,26.79,74,82,5.22,PE,1681960504
200,zabaykal'sk,49.6333,117.3167,0.55,29,0,15.63,RU,1681960505
201,srandakan,-7.9386,110.2506,30.42,64,67,4.09,ID,1681960505
202,flying fish cove,-10.4217,105.6791,27.0,77,68,8.02,CX,1681960506
203,anadyr,64.75,177.4833,-2.72,79,20,9.83,RU,1681960507
204,omutinskiy,56.4745,67.6709,2.94,42,93,4.04,RU,1681960507
205,vanino,49.0869,140.2543,5.75,68,100,3.79,RU,1681960508
206,saipan,15.1355,145.701,30.39,100,40,7.72,MP,1681960509
207,praia da vitoria,38.7333,-27.0667,12.71,64,45,7.56,PT,1681960509
208,minas de marcona,-15.2119,-75.1103,16.14,81,8,3.42,PE,1681960509
209,polyarnyy,69.1989,33.4478,2.76,97,100,7.14,RU,1681960510
210,mount pearl,47.5166,-52.7813,1.58,94,100,2.68,CA,1681960510
211,mezhdurechenskiy,59.6,65.9333,2.35,49,25,3.77,RU,1681960511
212,gonabad,34.3529,58.6837,13.77,17,0,0.84,IR,1681960511
213,kruisfontein,-34.0033,24.7314,17.46,63,100,2.4,ZA,1681960511
214,berezovyy,51.6667,135.7,0.72,91,100,4.65,RU,1681960511
215,korla,41.7597,86.1469,11.07,18,84,1.9,CN,1681960512
216,kayangel,8.0823,134.7173,29.15,72,17,3.43,PW,1681960512
217,vredendal,-31.6683,18.5012,16.17,76,100,4.34,ZA,1681960512
218,carauari,-4.8828,-66.8958,24.23,88,92,1.33,BR,1681960513
219,domanivka,47.6319,30.9885,8.58,91,100,4.32,UA,1681960513
220,bamboo flat,11.7,92.7167,30.49,59,41,2.71,IN,1681960514
221,thisted,56.9552,8.6949,6.22,72,0,4.74,DK,1681960514
222,bodo,67.28,14.405,8.21,86,100,6.69,NO,1681960298
223,cide,41.8921,33.0044,11.07,92,39,3.69,TR,1681960517
224,sinop,41.7711,34.8709,8.64,98,100,1.87,TR,1681960519
225,souq larb'a al gharb,34.6866,-6.0027,13.89,94,24,1.03,MA,1681960520
226,am timan,11.0297,20.2827,30.22,16,75,2.86,TD,1681960520
227,atafu village,-8.5421,-172.5159,28.5,70,99,1.75,TK,1681960257
228,alsunga,56.9819,21.5594,3.8,79,2,3.49,LV,1681960521
229,vorgashor,67.5833,63.95,-4.36,97,100,4.71,RU,1681960249
230,sao felix do xingu,-6.6447,-51.995,22.27,98,100,0.22,BR,1681960423
231,puerto baquerizo moreno,-0.9,-89.6,25.91,81,100,3.45,EC,1681960524
232,sur,22.5667,59.5289,27.88,62,43,2.91,OM,1681960524
233,whitehorse,60.7161,-135.0538,6.12,91,100,0.6,CA,1681960524
234,gudalur,9.6833,77.2667,29.01,63,35,1.48,IN,1681960525
235,vilyuchinsk,52.9306,158.4028,8.15,95,100,2.92,RU,1681960525
236,mildura,-34.2,142.15,19.48,54,0,5.17,AU,1681960525
237,guiyang,26.5833,106.7167,24.45,63,18,5.43,CN,1681960526
238,ta`u,-14.2336,-169.5144,28.34,78,96,8.72,AS,1681960526
239,chernyshevskiy,63.0128,112.4714,-5.4,77,92,3.3,RU,1681960526
240,borkum,53.5809,6.6915,8.97,70,30,9.95,DE,1681960527
241,sechura,-5.5569,-80.8222,27.2,67,82,5.43,PE,1681960328
242,susuman,62.7833,148.1667,-5.07,73,100,5.34,RU,1681960528
243,kailua-kona,19.6406,-155.9956,25.98,88,75,6.17,US,1681960443
244,olonkinbyen,70.9221,-8.7187,2.04,85,100,9.8,SJ,1681960528
245,greenville,35.6127,-77.3663,20.09,60,0,1.54,US,1681960449
246,altai,46.3722,96.2583,-2.95,20,1,3.35,MN,1681960529
247,omdurman,15.6445,32.4777,27.18,12,0,4.4,SD,1681960529
248,alliance,40.9153,-81.1059,12.6,71,99,2.42,US,1681960530
249,kuanda,56.3161,116.0806,-4.5,68,100,3.28,RU,1681960530
250,porto novo,6.4965,2.6036,26.88,78,100,2.14,BJ,1681960530
251,illizi,26.4833,8.4667,25.08,11,4,6.08,DZ,1681960531
252,saint-philippe,-21.3585,55.7679,24.77,84,36,5.39,RE,1681960531
253,massawa,15.6097,39.45,27.68,86,27,3.1,ER,1681960494
254,baker city,44.7749,-117.8344,-0.16,88,0,2.06,US,1681960532
255,saint-francois,46.4154,3.9054,4.69,93,0,0.0,FR,1681960532
256,erenhot,43.6475,111.9767,7.4,11,90,3.0,CN,1681960532
257,quang ngai,15.1167,108.8,34.84,48,0,1.42,VN,1681960533
258,concepcion,-36.827,-73.0498,12.89,94,0,3.09,CL,1681960345
259,tuy hoa,13.0833,109.3,33.74,50,5,2.3,VN,1681960534
260,kolonia town,6.964,158.206,32.0,66,100,2.57,FM,1681960534
261,likiep,9.8251,169.3107,26.67,82,100,7.7,MH,1681960535
262,yuzhno-kurilsk,44.0306,145.8556,6.92,77,94,4.48,RU,1681960535
263,calama,-22.4667,-68.9333,8.27,34,0,7.2,CL,1681960269
264,sedhiou,12.7081,-15.5569,26.17,35,31,1.59,SN,1681960535
265,gazojak,41.1875,61.4036,12.1,20,22,6.89,TM,1681960536
266,ouargla,31.9493,5.325,25.91,21,70,3.83,DZ,1681960536
267,san patricio,28.017,-97.5169,24.35,86,76,6.49,US,1681960299
268,songjianghe,42.1859,127.479,7.47,48,100,6.19,CN,1681960537
269,champerico,14.3,-91.9167,29.0,66,43,2.25,GT,1681960537
270,siwa oasis,29.2041,25.5195,15.88,59,0,3.55,EG,1681960538
271,bandar lampung,-5.4254,105.258,29.66,68,100,1.51,ID,1681960284
272,ouesso,1.6136,16.0517,23.57,85,100,1.03,CG,1681960539
273,ongjin,37.9347,125.3619,13.8,86,100,3.65,KP,1681960539
274,petropavlovsk-kamchatsky,53.0452,158.6483,7.33,49,75,6.0,RU,1681960539
275,port isabel,26.0734,-97.2086,24.48,94,100,5.14,US,1681960540
276,hawaiian paradise park,19.5933,-154.9731,23.28,96,100,4.63,US,1681960540
277,fereydunshahr,32.941,50.121,8.59,56,3,0.19,IR,1681960540
278,zyryanovsk,49.7386,84.2719,-7.79,92,85,0.39,KZ,1681960541
279,karratha,-20.7377,116.8463,28.52,27,0,10.52,AU,1681960542
280,beipiao,41.7919,120.7792,14.1,6,100,7.68,CN,1681960542
281,la passe,45.5549,-0.8967,12.13,93,6,3.95,FR,1681960542
282,crane,31.3974,-102.3501,23.74,30,0,4.48,US,1681960542
283,xilin hot,43.9667,116.0333,6.89,12,60,9.06,CN,1681960543
284,luganville,-15.5333,167.1667,28.64,74,92,2.72,VU,1681960543
285,sanger,36.708,-119.556,15.98,44,0,3.09,US,1681960276
286,lorengau,-2.0226,147.2712,28.39,77,71,2.81,PG,1681960543
287,robore,-18.3333,-59.75,17.86,95,72,1.27,BO,1681960544
288,akjoujt,19.6969,-14.4164,24.12,38,100,3.84,MR,1681960544
289,bathsheba,13.2167,-59.5167,26.34,78,40,6.17,BB,1681960544
290,grand-popo,6.2804,1.8225,27.73,76,100,3.38,BJ,1681960544
291,itoman,26.1247,127.6694,25.22,94,75,10.29,JP,1681960544
292,smithers,54.7804,-127.1743,3.86,82,74,1.27,CA,1681960254
293,oamaru,-45.0784,170.9801,16.32,78,100,3.26,NZ,1681960545
294,gadzhiyevo,69.2551,33.3362,2.45,98,100,6.97,RU,1681960349
295,locharbriggs,55.1034,-3.5844,3.86,77,0,3.4,GB,1681960545
296,mugia,43.1041,-9.2179,15.09,86,80,4.76,ES,1681960545
297,ilulissat,69.2167,-51.1,-4.99,80,100,2.06,GL,1681960545
298,tazovsky,67.4667,78.7,-9.58,94,97,2.57,RU,1681960546
299,ulsteinvik,62.3432,5.8487,6.53,84,54,0.89,NO,1681960546
300,anzio,41.4853,12.6179,12.23,85,9,3.22,IT,1681960546
301,kapuskasing,49.4169,-82.4331,-3.71,94,100,3.07,CA,1681960546
302,xiva,41.3783,60.3639,7.99,19,60,6.24,UZ,1681960546
303,nantucket,41.2835,-70.0995,8.08,66,0,3.6,US,1681960338
304,st. john's,47.5649,-52.7093,2.04,94,100,2.68,CA,1681960518
305,nizhnyaya salda,58.0776,60.7202,3.77,52,7,1.68,RU,1681960547
306,barra,-11.0894,-43.1417,24.49,66,42,1.61,BR,1681960547
307,thinadhoo,0.5333,72.9333,28.19,72,96,1.72,MV,1681960547
308,la rinconada,37.4873,-5.9826,16.1,71,0,1.54,ES,1681960547
309,metlili chaamba,32.2667,3.6333,22.69,16,0,3.71,DZ,1681960548
310,natchez,31.5604,-91.4032,20.12,68,0,4.12,US,1681960548
311,road town,18.4167,-64.6167,26.05,71,3,7.81,VG,1681960548
312,mhamid,29.82,-5.72,20.38,38,0,4.66,MA,1681960548
313,mwene-ditu,-7.0,23.45,18.55,96,6,1.77,CD,1681960548
314,canutama,-6.5339,-64.3831,24.28,91,61,1.15,BR,1681960548
315,san jose del guaviare,2.5729,-72.6459,23.25,96,100,0.64,CO,1681960549
316,hadibu,12.65,54.0333,26.97,76,8,3.19,YE,1681960549
317,guangyuan,32.442,105.823,25.22,38,100,2.98,CN,1681960549
318,hamilton,39.1834,-84.5333,19.47,60,0,3.09,US,1681960337
319,shingu,33.7333,135.9833,21.4,68,100,2.75,JP,1681960549
320,les cayes,18.2,-73.75,24.55,82,3,2.15,HT,1681960550
321,touros,-5.1989,-35.4608,26.07,85,42,3.71,BR,1681960550
322,hovd,48.0056,91.6419,0.99,20,0,3.82,MN,1681960550
323,sumenep,-7.0167,113.8667,29.52,71,32,3.54,ID,1681960370
324,corning,42.1428,-77.0547,6.02,72,100,2.06,US,1681960550
325,man,7.4125,-7.5538,20.92,98,100,0.89,CI,1681960550
326,miquelon,47.0975,-56.3814,1.0,97,100,7.72,PM,1681960551
327,tsiombe,-25.3,45.4833,21.01,95,85,2.48,MG,1681960551
328,mount isa,-20.7333,139.5,28.87,26,0,7.2,AU,1681960551
329,kununurra,-15.7667,128.7333,28.99,39,0,6.17,AU,1681960551
330,el nido,11.1858,119.3956,30.29,64,2,2.43,PH,1681960551
331,abu zabad,12.35,29.25,25.4,10,1,3.96,SD,1681960552
332,tolanaro,-25.0319,46.9987,21.73,92,17,3.62,MG,1681960552
333,chadron,42.8294,-102.9999,7.2,48,0,6.17,US,1681960274
334,nogliki,51.8333,143.1667,0.88,91,92,3.44,RU,1681960552
335,burutu,5.3509,5.5076,24.19,90,100,3.47,NG,1681960553
336,kyabe,9.4515,18.9449,29.32,39,81,1.9,TD,1681960553
337,sheridan,44.8333,-106.9173,2.23,79,100,7.72,US,1681960447
338,khandyga,62.6667,135.6,-1.0,80,100,1.72,RU,1681960553
339,silver city,32.7701,-108.2803,13.98,18,0,5.66,US,1681960553
340,borogontsy,62.6683,131.1683,-0.81,92,100,2.85,RU,1681960554
341,corner brook,48.9667,-57.9484,1.09,90,89,3.14,CA,1681960554
342,tateyama,34.9833,139.8667,18.3,83,100,3.74,JP,1681960554
343,hoemul-li,41.4339,129.67,15.63,55,100,2.24,KP,1681960554
344,tucuma,-0.1833,-50.05,24.06,93,69,1.56,BR,1681960554
345,colonia,50.9333,6.95,8.3,57,20,2.57,DE,1681960403
346,makubetsu,45.3714,141.8211,7.83,75,100,10.68,JP,1681960555
347,aswan,24.0934,32.907,26.74,20,78,2.15,EG,1681960555
348,lerwick,60.1545,-1.1494,6.0,83,11,3.49,GB,1681960555
349,bridgewater,44.3835,-64.5155,6.73,79,25,4.02,CA,1681960518
350,balta,47.9355,29.6198,8.27,90,100,5.12,UA,1681960556
351,lompoc,34.6391,-120.4579,16.08,70,0,12.52,US,1681960350
352,labasa,-16.4167,179.3833,28.19,80,93,0.36,FJ,1681960556
353,goba,7.0167,39.9833,9.09,89,19,1.89,ET,1681960556
354,hithadhoo,-0.6,73.0833,28.64,70,100,2.09,MV,1681960556
355,goth phulji,26.8825,67.6807,30.44,12,33,4.6,PK,1681960556
356,brookings,44.3114,-96.7984,6.19,92,100,6.69,US,1681960370
357,al mindak,20.1588,41.2834,15.09,60,0,3.88,SA,1681960557
358,bechar,31.6167,-2.2167,17.57,54,35,4.54,DZ,1681960557
359,jiazi,22.8779,116.067,25.47,84,63,2.8,CN,1681960557
360,pawni,20.7833,79.6333,36.56,17,7,3.89,IN,1681960557
361,kasba tadla,32.5977,-6.2684,13.75,85,4,1.04,MA,1681960558
362,hobyo,5.3505,48.5268,27.87,71,67,2.54,SO,1681960558
363,sao mateus do sul,-25.8742,-50.3828,9.11,92,24,1.36,BR,1681960558
364,lospalos,-8.5186,127.0025,25.48,68,63,4.83,TL,1681960558
365,fort mcmurray,56.7268,-111.381,2.77,64,100,1.54,CA,1681960558
366,riohacha,11.5444,-72.9072,25.67,74,26,5.65,CO,1681960558
367,floriano,-6.7669,-43.0225,24.84,81,100,1.01,BR,1681960559
368,guarapari,-20.6667,-40.4975,25.5,93,100,2.57,BR,1681960336
369,iquique,-20.2208,-70.1431,19.02,81,75,0.51,CL,1681960480
370,tobruk,32.0836,23.9764,15.03,74,0,4.7,LY,1681960559
371,ambovombe,-25.1667,46.0833,20.72,90,19,2.14,MG,1681960559
372,carnot,4.9409,15.8665,22.04,87,81,1.3,CF,1681960560
373,pointe-noire,-4.7761,11.8635,27.19,86,92,2.21,CG,1681960560
374,iturama,-19.7281,-50.1956,18.26,79,100,2.93,BR,1681960560
375,ust'-kulom,61.6864,53.6902,0.46,93,83,2.08,RU,1681960560
376,amahai,-3.3333,128.9167,29.47,70,16,2.16,ID,1681960561
377,ancaster,43.2257,-79.9767,7.07,71,99,0.45,CA,1681960386
378,ippy,6.2679,21.2247,23.84,68,85,0.97,CF,1681960561
379,kostomuksha,64.571,30.5767,0.7,100,100,2.8,RU,1681960561
380,sao joao da barra,-21.6403,-41.0511,22.93,91,100,2.52,BR,1681960562
381,cameta,-2.2444,-49.4958,24.62,89,100,1.02,BR,1681960562
382,ulladulla,-35.35,150.4667,17.65,63,97,3.17,AU,1681960563
383,kuje,8.8796,7.2272,25.63,73,100,1.46,NG,1681960563
384,prainha,-1.8,-53.48,22.96,92,83,1.1,BR,1681960535
385,vargashi,55.3556,65.8467,3.42,40,0,4.36,RU,1681960564
386,codrington,-38.2667,141.9667,17.87,67,78,5.41,AU,1681960564
387,palu,-0.8917,119.8707,33.42,54,30,1.33,ID,1681960565
388,new norfolk,-42.7826,147.0587,17.72,80,100,1.79,AU,1681960531
389,fortaleza,-3.7227,-38.5247,27.9,89,40,1.54,BR,1681960565
390,kudahuvadhoo,2.6708,72.8944,28.55,71,99,0.99,MV,1681960566
391,chinchilla,-26.75,150.6333,25.81,34,1,4.71,AU,1681960566
392,kakching,24.4833,93.9833,27.88,33,0,1.87,IN,1681960567
393,yemetsk,63.4721,41.7941,0.69,99,100,2.0,RU,1681960567
394,richards bay,-28.783,32.0377,18.81,88,0,5.71,ZA,1681960568
395,ribeira brava,32.65,-17.0667,18.89,83,96,2.24,PT,1681960568
396,ak'ordat,15.5486,37.8867,23.72,50,5,1.63,ER,1681960568
397,bubaque,11.2833,-15.8333,25.09,74,13,5.79,GW,1681960568
398,yuci,37.6803,112.7319,20.86,40,5,5.0,CN,1681960569
399,toliara,-23.35,43.6667,23.81,70,0,2.64,MG,1681960569
400,funafuti,-8.5243,179.1942,31.0,79,75,1.03,TV,1681960570
401,qarazhal,48.0078,70.7903,4.97,56,17,2.99,KZ,1681960571
402,malango,-2.9627,119.9001,27.52,67,63,1.65,ID,1681960571
403,aasiaat,68.7098,-52.8699,-17.78,99,41,1.33,GL,1681960572
404,preobrazheniye,42.9019,133.9064,11.48,71,100,4.81,RU,1681960572
405,san juan colorado,16.4586,-97.9536,23.7,79,37,1.07,MX,1681960573
406,san julian,21.0167,-102.1667,21.17,19,96,4.23,MX,1681960573
407,rabo de peixe,37.8,-25.5833,13.73,62,40,3.6,PT,1681960574
408,cuxhaven,53.8718,8.6909,7.11,53,75,8.23,DE,1681960574
409,mastic beach,40.7668,-72.8521,9.66,79,0,0.0,US,1681960574
410,kiunga,-6.1219,141.2906,33.41,50,87,0.85,PG,1681960575
411,mitu,1.1983,-70.1733,22.95,96,77,0.73,CO,1681960575
412,ugoofaaru,5.6667,73.0,28.04,75,98,1.13,MV,1681960575
413,baranchinskiy,58.1617,59.6991,3.72,56,47,0.75,RU,1681960576
414,oriximina,-1.7656,-55.8661,23.98,90,99,1.57,BR,1681960576
415,kenai,60.5544,-151.2583,9.05,56,0,4.63,US,1681960576
416,san jose de las matas,19.3391,-70.9382,22.64,87,65,1.66,DO,1681960577
417,antofagasta,-23.65,-70.4,16.6,85,51,0.6,CL,1681960328
418,istaravshan,39.9142,69.0033,8.49,49,2,0.57,TJ,1681960577
419,baklan,37.9769,29.6086,5.16,84,98,1.72,TR,1681960578
420,ubari,26.5921,12.7805,20.17,19,9,5.11,LY,1681960578
421,salalah,17.0151,54.0924,27.05,74,40,1.54,OM,1681960579
422,taupo,-38.6833,176.0833,18.04,74,95,0.42,NZ,1681960579
423,cabo san lucas,22.8909,-109.9124,24.17,63,75,4.12,MX,1681960579
424,bocas del toro,9.3333,-82.25,26.11,74,21,1.34,PA,1681960579
425,ancud,-41.8697,-73.8203,12.04,96,99,1.55,CL,1681960471
426,popondetta,-8.7537,148.2534,28.43,80,52,2.72,PG,1681960580
427,karachi,24.9056,67.0822,26.9,69,47,4.12,PK,1681960458
428,nakamura,32.9833,132.9333,21.56,62,100,2.72,JP,1681960307
429,rio gallegos,-51.6226,-69.2181,8.21,64,43,10.09,AR,1681960482
430,lecheng,25.1238,113.3254,28.16,68,33,0.31,CN,1681960582
431,tromso,69.6496,18.957,5.21,93,75,1.54,NO,1681960582
432,fortuna,40.5982,-124.1573,9.81,70,20,1.95,US,1681960582
433,tvoroyri,61.5556,-6.8111,8.07,83,5,4.41,FO,1681960583
434,tirebolu,41.0069,38.8139,12.17,97,100,1.15,TR,1681960583
435,shohimardon,39.9839,71.8028,8.43,62,89,1.1,UZ,1681960584
436,greymouth,-42.4667,171.2,17.19,59,86,0.94,NZ,1681960584
437,okha,53.5739,142.9478,1.29,78,68,0.82,RU,1681960585
438,vilyuysk,63.7553,121.6247,-1.2,83,97,3.82,RU,1681960586
439,piti village,13.4626,144.6933,30.03,74,81,7.82,GU,1681960586
440,sovetsk,55.0839,21.8785,6.94,85,27,4.45,RU,1681960587
441,al ghayzah,16.2079,52.176,26.93,69,0,3.48,YE,1681960587
442,gamba,-2.65,10.0,24.61,94,100,1.85,GA,1681960588
443,kwadukuza,-29.3282,31.2895,10.94,42,0,2.88,ZA,1681960588
444,san antonio de pale,-1.4014,5.6325,27.82,80,100,3.61,GQ,1681960589
445,amuntai,-2.4177,115.2494,32.91,57,9,0.94,ID,1681960589
446,brisas de zicatela,15.8369,-97.0419,28.29,74,0,3.09,MX,1681960590
447,ha tinh,18.3333,105.9,34.66,51,4,2.13,VN,1681960590
448,al hazm,16.1641,44.7769,25.63,42,37,4.65,YE,1681960590
449,tut,37.7953,37.9161,10.52,87,96,0.56,TR,1681960590
450,la reforma,25.0833,-108.05,20.8,82,91,0.14,MX,1681960591
451,holualoa,19.6228,-155.9522,23.91,88,75,6.17,US,1681960393
452,usogorsk,63.4106,48.6872,-0.25,96,100,3.02,RU,1681960591
453,timbuktu,16.7735,-3.0074,29.67,16,75,3.67,ML,1681960592
454,aldan,58.6031,125.3894,-3.43,87,100,4.14,RU,1681960592
455,cahors,44.4167,1.3333,8.09,78,0,0.95,FR,1681960592
456,isla mujeres,21.2311,-86.731,27.03,80,9,5.01,MX,1681960593
457,mahina,-17.5065,-149.489,28.87,74,75,6.69,PF,1681960593
458,arapgir,39.0412,38.4952,10.11,92,100,1.69,TR,1681960593
459,kuta,-8.7233,115.1723,30.0,79,75,7.2,ID,1681960594
460,cromwell,41.5951,-72.6454,6.76,72,72,3.24,US,1681960594
461,hilo,19.7297,-155.09,24.6,92,100,4.63,US,1681960594
462,kinablangan,7.6947,126.5503,29.64,67,34,2.07,PH,1681960595
463,tazacorte,28.629,-17.9293,18.54,84,100,2.57,ES,1681960595
464,mankono,8.0586,-6.1897,23.31,77,100,2.85,CI,1681960595
465,cooma,-36.2333,149.1333,15.11,56,85,0.83,AU,1681960596
466,suomussalmi,64.8869,28.9078,0.36,99,100,2.11,FI,1681960596
467,gubkinskiy,64.434,76.5026,-7.8,86,71,2.64,RU,1681960596
468,razgrad,43.5333,26.5167,8.7,91,98,4.3,BG,1681960597
469,khovd,48.0056,91.6419,0.99,20,0,3.82,MN,1681960597
470,nuku'alofa,-21.1333,-175.2,24.19,94,75,6.17,TO,1681960597
471,robertsport,6.7533,-11.3686,25.93,86,100,5.15,LR,1681960597
472,sao geraldo do araguaia,-6.4006,-48.555,23.0,97,100,0.1,BR,1681960598
473,maintirano,-18.0667,44.0167,24.41,89,7,2.5,MG,1681960598
474,lhasa,29.65,91.1,10.99,40,100,1.86,CN,1681960599
475,daru,-9.0763,143.2092,28.41,75,31,3.67,PG,1681960599
476,troitsko-pechorsk,62.7084,56.1964,1.06,97,99,2.14,RU,1681960599
477,emerald,-23.5333,148.1667,26.86,54,8,3.39,AU,1681960599
478,mount gambier,-37.8333,140.7667,16.57,72,100,3.71,AU,1681960599
479,jincheng,35.5022,112.8328,25.29,49,0,5.09,CN,1681960600
480,coquimbo,-29.9533,-71.3436,12.85,87,0,1.03,CL,1681960267
481,srivardhan,18.0333,73.0167,29.33,66,81,1.37,IN,1681960600
482,vetluzhskiy,58.3902,45.4654,5.02,62,56,0.75,RU,1681960600
483,kapa'a,22.0752,-159.319,25.99,74,100,2.24,US,1681960600
484,lavras,-21.2453,-44.9997,15.49,94,97,1.79,BR,1681960601
485,nagqu,31.5,92.0,6.38,20,100,6.23,CN,1681960601
486,ketchikan,55.3422,-131.6461,6.26,87,100,2.06,US,1681960601
487,kawambwa,-9.7915,29.0791,15.31,96,26,2.65,ZM,1681960602
488,usinsk,65.9939,57.5281,-0.98,95,100,6.8,RU,1681960602
489,axim,4.8699,-2.2405,25.93,86,100,2.1,GH,1681960602
490,zaozersk,69.4005,32.4476,2.47,99,100,7.45,RU,1681960602
491,ixtapa,20.7,-105.2,23.57,83,40,3.6,MX,1681960603
492,isangel,-19.55,169.2667,30.06,79,75,1.54,VU,1681960603
493,new shagunnu,10.3396,4.4688,28.23,62,92,2.35,NG,1681960603
494,sao francisco de assis,-29.5503,-55.1311,9.23,79,1,1.41,BR,1681960603
495,prince albert,53.2001,-105.7677,-2.03,86,100,5.66,CA,1681960603
496,wajir,1.7471,40.0573,24.95,82,31,4.83,KE,1681960603
497,tindouf,27.6711,-8.1474,15.85,64,34,8.98,DZ,1681960604
498,rusera,25.75,86.0333,37.06,12,0,3.53,IN,1681960604
499,saraqib,35.8645,36.8059,15.61,73,46,0.79,SY,1681960604
500,akobo,7.4344,3.9497,23.25,93,100,1.62,NG,1681960604
501,cheremushki,52.8356,91.3944,-3.52,73,100,3.54,RU,1681960604
502,campos gerais,-21.235,-45.7586,15.24,95,99,1.96,BR,1681960605
503,balpyk bi,44.8947,78.2083,6.54,34,2,3.9,KZ,1681960605
504,luchegorsk,46.4764,134.2569,15.46,39,100,8.69,RU,1681960605
505,hillsborough,37.5741,-122.3794,13.06,67,20,9.26,US,1681960605
506,gijon,43.5357,-5.6615,12.36,96,44,0.89,ES,1681960605
507,ellsworth,44.5434,-68.4195,5.36,79,75,2.06,US,1681960568
508,manggar,-2.8833,108.2667,29.66,69,96,2.37,ID,1681960606
509,likisa,-8.6695,125.6875,22.64,68,26,0.93,TL,1681960606
510,souillac,-20.5167,57.5167,26.21,78,40,4.63,MU,1681960606
511,santa cruz cabralia,-16.2781,-39.0247,27.13,89,20,4.63,BR,1681960606
512,choyr,46.3611,108.3611,2.32,13,3,2.6,MN,1681960606
513,ringkobing,56.0901,8.244,4.45,60,0,6.19,DK,1681960607
514,grand falls-windsor,48.9332,-55.6649,2.5,93,100,0.45,CA,1681960428
515,xinyuan,37.3,99.0,6.37,52,84,2.72,CN,1681960607
516,santa elena de uairen,4.6167,-61.1333,22.55,72,91,0.52,VE,1681960609
517,senekal,-28.3197,27.6208,11.56,40,10,1.21,ZA,1681960609
518,talcahuano,-36.7167,-73.1167,12.82,94,0,3.09,CL,1681960609
519,achacachi,-16.05,-68.6833,6.0,86,12,3.84,BO,1681960610
520,veraval,20.9,70.3667,28.21,58,6,7.24,IN,1681960610
521,gizo,-8.103,156.8419,27.96,65,17,1.23,SB,1681960610
522,kamaishi,39.2667,141.8833,16.87,53,9,6.56,JP,1681960610
523,marang,5.2056,103.2059,32.95,69,100,1.25,MY,1681960610
524,zuni pueblo,35.0725,-108.8506,9.35,17,0,8.85,US,1681960610
525,kedougou,12.5579,-12.1743,33.32,25,0,3.09,SN,1681960611
526,dhidhdhoo,6.8833,73.1,28.32,75,62,1.32,MV,1681960611
527,thames,-37.1333,175.5333,22.21,67,65,2.98,NZ,1681960612
528,chagoda,59.164,35.3285,2.15,96,62,1.66,RU,1681960612
529,jovellanos,22.8044,-81.1944,21.19,84,50,2.34,CU,1681960503
530,walvis bay,-22.9575,14.5053,14.49,67,0,7.51,NA,1681960612
531,guigang,23.0964,109.6092,29.59,66,37,3.02,CN,1681960612
532,den helder,52.9599,4.7593,9.42,77,20,7.6,NL,1681960612
533,katsuura,35.1333,140.3,20.23,76,100,5.84,JP,1681960613
534,kajaani,64.2273,27.7285,0.03,86,0,1.54,FI,1681960351
535,la'ie,21.6477,-157.9253,28.12,61,17,1.79,US,1681960613
536,abadan,30.3392,48.3043,19.97,64,0,2.06,IR,1681960613
537,grand baie,-20.0182,57.5802,26.36,75,9,2.68,MU,1681960613
538,urangan,-25.3,152.9,25.67,60,34,9.27,AU,1681960613
539,port macquarie,-31.4333,152.9167,23.27,57,73,5.5,AU,1681960514
540,humaita,-7.5061,-63.0208,23.65,97,44,0.77,BR,1681960614
541,alakurtti,66.9672,30.3491,1.69,100,100,1.48,RU,1681960614
542,quellon,-43.1167,-73.6167,12.14,100,100,0.0,CL,1681960615
543,wenchang,30.904,118.4887,26.27,54,7,5.17,CN,1681960615
544,palatka,29.6486,-81.6376,20.98,83,87,1.6,US,1681960561
545,tera,14.0078,0.7531,30.5,8,85,2.81,NE,1681960615
546,tan-tan,28.438,-11.1032,16.64,92,68,4.94,MA,1681960615
547,ulaangom,49.9811,92.0667,-0.44,31,98,3.36,MN,1681960615
548,anar darah,32.7587,61.654,11.72,26,0,4.53,AF,1681960616
549,sebring,27.4956,-81.4409,21.05,71,40,2.68,US,1681960616
550,carnarvon,-24.8667,113.6333,27.39,36,32,6.53,AU,1681960407
551,yelizovo,53.1873,158.3805,8.08,49,75,6.0,RU,1681960616
552,revda,56.801,59.9303,2.3,87,100,1.16,RU,1681960616
553,yanggu,36.1106,115.7753,25.82,56,50,2.45,CN,1681960616
554,birobidzhan,48.8,132.95,9.45,62,90,8.8,RU,1681960616
555,madalena,41.2162,-8.3345,13.32,86,45,0.48,PT,1681960617
556,sola,-13.8833,167.55,30.37,74,40,1.54,VU,1681960617
557,lolodorf,3.2333,10.7333,21.78,99,100,0.48,CM,1681960617
558,chhor,25.5167,69.7667,28.45,43,4,3.99,PK,1681960617
559,shizuishan,39.2333,106.7694,13.17,18,99,2.29,CN,1681960617
560,mogila,41.1083,21.3786,8.0,89,62,0.57,MK,1681960618
561,salekhard,66.53,66.6019,-6.02,90,100,2.01,RU,1681960618
562,kingscliff,-28.2667,153.5667,24.95,50,100,5.14,AU,1681960618
563,inhambane,-23.865,35.3833,19.09,86,0,2.54,MZ,1681960618
564,lucaya,26.5333,-78.6667,23.48,74,29,8.01,BS,1681960618
565,rikaze,29.25,88.8833,9.92,29,6,1.91,CN,1681960618
566,sandviken,60.6167,16.7667,3.18,82,9,1.56,SE,1681960619
567,porto santo stefano,42.4338,11.1237,7.79,90,14,4.19,IT,1681960619
568,pontevedra,42.431,-8.6444,15.01,95,76,1.1,ES,1681960598
569,sao gabriel da cachoeira,-0.1303,-67.0892,25.07,83,95,1.12,BR,1681960619
570,trairi,-3.2778,-39.2689,24.27,92,100,1.56,BR,1681960393
571,afif,23.9065,42.9172,19.97,67,6,0.62,SA,1681960620
572,jiwani,25.05,61.7417,25.71,77,97,4.51,PK,1681960620
573,miyaly,48.8844,53.7836,8.61,41,100,4.75,KZ,1681960620
574,martapura,-3.4167,114.85,31.05,70,40,1.03,ID,1681960620
575,aykhal,66.0,111.5,-8.35,86,98,2.67,RU,1681960621
576,shiyan,32.6475,110.7781,28.08,52,4,2.4,CN,1681960621
577,kirakira,-10.4544,161.9205,28.22,73,99,2.03,SB,1681960621
578,shache,38.4167,77.2406,12.06,30,98,7.6,CN,1681960621
579,lianjiang,21.6467,110.2817,31.35,63,42,2.25,CN,1681960621
580,novyy urengoy,66.0833,76.6333,-10.07,96,96,1.74,RU,1681960622
581,herat,34.5,62.0,10.03,40,0,1.67,AF,1681960622
582,acarau,-2.8856,-40.12,25.23,87,100,2.83,BR,1681960622
583,tadmur,34.5608,38.2805,18.31,57,37,2.73,SY,1681960622
584,kochubey,44.3861,46.5825,10.21,70,24,5.86,RU,1681960622
585,varzea da palma,-17.5981,-44.7308,21.8,86,95,0.86,BR,1681960623
586,bamyan,34.75,67.25,0.68,69,7,0.93,AF,1681960623
587,kokshetau,53.2775,69.3883,-2.82,100,75,2.0,KZ,1681960623
